split,n_lgu,l1_mean,l2_mean,l3_mean,pct_zero_l1
train,1303,0.25863392171910976,0.10130468150422103,0.03300076745970836,0.841903300076746
test,326,0.25766871165644173,0.1165644171779141,0.024539877300613498,0.8404907975460123
